insert into customer values 
	('R_Murali', 'Rushabh', 'Murali', 'VY 2131, Pilani', '1111111111', 'rm@gmail.com', 'rm1234'),
	('S_Athane', 'Siddh', 'Athane', 'VY 2131, Pilani', '2222222222', 'sa@gmail.com', 'sa1234'),
	('P_Somani', 'Pranshu', 'Somani', 'VY 2133, Pilani', '3333333333', 'ps@gmail.com', 'ps1234'),
	('A_Sawant', 'Anurag', 'Sawant', 'VY 2133, Pilani', '4444444444', 'as@gmail.com', 'as1234'),
	('A_Waikar', 'Ansh', 'Waikar', 'VY 2132, Pilani', '5555555555', 'aw@gmail.com', 'aw1234'),
	('D_Kulkarni', 'Dev', 'Kulkarni', 'VY 2130, Pilani', '6666666666', 'dk@gmail.com', 'dk1234'),
	('R_Kanade', 'Radhey', 'Kanade', 'VY 2130, Pilani', '7777777777', 'rk@gmail.com', 'rk1234'),
	('H_Bansal', 'Harsh', 'Bansal', 'VY 2129, Pilani', '8888888888', 'hb@gmail.com', 'hb1234'),
	('K_Joshi', 'Kartik', 'Joshi', 'VY 2129, Pilani', '9999999999', 'kj@gmail.com', 'kj1234'),
	('S_Shingare', 'Shardul', 'Shingare', 'VY 2121, Pilani', '1234567890', 'ss@gmail.com', 'ss1234');

insert into restaurant(restName, address, r_phoneNo, pincode) values 
	('Da Cafe Crunch', 'C\'Not Left', '8624579312', 411001), 
	('Looters', 'RB Mess', '9785412359', 411001),
	('TOTT', 'RB Mess', '9856214763', 411001),
	('Mr. Idli', 'RB Mess', '7894752248', 411002),
	('Anc', 'GymG', '1233456795', 411002),
	('Sharma\'s', 'C\'Not Right', '7896547895', 411002),
	('Gullu\'s', 'New C\'Not Right', '1233666999', 411003),
	('Pizzeria', 'Outside', '4204204200', 411003),
	('BBQ Green', 'Outside', '7888845521', 411003),
	('Food Ministry', 'Library', '9966887745', 411003);

INSERT INTO staff (staffName, s_phoneNo) VALUES
	('Amit Kumar', '9876543210'),
	('Rajesh Sharma', '9876543211'),
	('Rakesh Singh', '9876543212'),
	('Suresh Gupta', '9876543213'),
	('Manish Patel', '9876543214'),
	('Vikas Shah', '9876543215'),
	('Nilesh Desai', '9876543216'),
	('Dinesh Mehta', '9876543217'),
	('Girish Joshi', '9876543218'),
	('Prakash Patel', '9876543219');

INSERT INTO item (itemName) VALUES 
	('Pizza'),
	('Burger'),
	('Sushi'),
	('Tacos'),
	('Pasta'),
	('Curry'),
	('Fried Chicken'),
	('Ramen'),
	('Steak'),
	('Salmon');

INSERT INTO orders (o_date, o_time, o_status)
VALUES
    ('2023-02-01', '2023-02-01 12:00:00', 'Delivered'),
    ('2023-02-02', '2023-02-02 13:00:00', 'Delivered'),
    ('2023-02-03', '2023-02-03 14:00:00', 'Delivered'),
    ('2023-02-04', '2023-02-04 15:00:00', 'Delivered'),
    ('2023-02-05', '2023-02-05 16:00:00', 'Rejected'),
    ('2023-02-06', '2023-02-06 17:00:00', 'Delivered'),
    ('2023-02-07', '2023-02-07 18:00:00', 'Delivered'),
    ('2023-02-08', '2023-02-08 19:00:00', 'Rejected'),
    ('2023-02-09', '2023-02-09 20:00:00', 'Delivered'),
    ('2023-02-10', '2023-02-10 21:00:00', 'Delivered');
    
INSERT INTO places (o_id, username)
VALUES
    (1, 'R_Murali'),
    (2, 'S_Athane'),
    (3, 'P_Somani'),
    (4, 'A_Sawant'),
    (5, 'A_Waikar'),
    (6, 'D_Kulkarni'),
    (7, 'R_Kanade'),
    (8, 'H_Bansal'),
    (9, 'K_Joshi'),
    (10, 'S_Shingare');
    
INSERT INTO Prepares (r_id, o_id)
VALUES
    (1, 10),
    (2, 9),
    (3, 8),
    (4, 7),
    (5, 6),
    (6, 5),
    (7, 4),
    (8, 3),
    (9, 2),
    (10, 1);
    
insert into offers(r_id, i_id, price) values 
	(1, 2, 90),
	(1, 3, 69),
	(1, 4, 72),
	(1, 5, 130),
	(1, 6, 103),
	(2, 3, 58),
	(2, 4, 107),
	(2, 5, 168),
	(2, 6, 115),
	(2, 7, 274),
	(3, 4, 280),
	(3, 5, 82),
	(3, 6, 70),
	(3, 7, 186),
	(3, 8, 67),
	(4, 5, 54),
	(4, 6, 298),
	(4, 7, 180),
	(4, 8, 103),
	(4, 9, 149),
	(5, 6, 62),
	(5, 7, 169),
	(5, 8, 50),
	(5, 9, 113),
	(5, 10, 226),
	(6, 7, 237),
	(6, 8, 207),
	(6, 9, 276),
	(6, 10, 214),
	(6, 1, 101),
	(7, 8, 205),
	(7, 9, 210),
	(7, 10, 259),
	(7, 1, 110),
	(7, 2, 160),
	(8, 9, 276),
	(8, 10, 121),
	(8, 1, 167),
	(8, 2, 267),
	(8, 3, 272),
	(9, 10, 173),
	(9, 1, 54),
	(9, 2, 215),
	(9, 3, 251),
	(9, 4, 284),
	(10, 1, 104),
	(10, 2, 267),
	(10, 3, 80),
	(10, 4, 175),
	(10, 5, 283);
    
insert into delivers(o_id, s_id, delivery_time) values
	(1, 10, '2023-02-01 12:30:00'),
    (2, 9, '2023-02-02 13:30:00'),
    (3, 8, '2023-02-03 14:25:00'),
    (4, 7, '2023-02-04 15:40:00'),
    (5, 6, '2023-02-05 16:20:00'),
    (6, 5, '2023-02-06 17:26:00'),
    (7, 4, '2023-02-07 18:30:00'),
    (8, 3, '2023-02-08 19:45:00'),
    (9, 2, '2023-02-09 20:35:00'),
    (10, 1, '2023-02-10 22:00:00');
    
insert into employs(r_id, s_id, salary) values 
	(1, 2, 8600),
	(1, 3, 8200),
	(1, 4, 7100),
	(2, 3, 8400),
	(2, 4, 7700),
	(2, 5, 8100),
	(3, 4, 9300),
	(3, 5, 5700),
	(3, 6, 6300),
	(4, 5, 9200),
	(4, 6, 5800),
	(4, 7, 5300),
	(5, 6, 6300),
	(5, 7, 5000),
	(5, 8, 6900),
	(6, 7, 7800),
	(6, 8, 8100),
	(6, 9, 9700),
	(7, 8, 7400),
	(7, 9, 8800),
	(7, 10, 6000),
	(8, 9, 6800),
	(8, 10, 9700),
	(8, 1, 8800),
	(9, 10, 7100),
	(9, 1, 6900),
	(9, 2, 7900),
	(10, 1, 8200),
	(10, 2, 5000),
	(10, 3, 6200);
    
insert into containss(o_id, i_id) values 
	(1, 1),
    (2, 10),
    (3, 9),
    (4, 8),
    (5, 7),
    (6, 6),
    (7, 5),
    (8, 4),
    (9, 3),
    (10, 2);